<?xml version="1.0" encoding="UTF-8"?>
<tns:manageTradeCardsRequest xmlns:tns="http://schemas.nav.gov.hu/EKAER/1.0/ekaermanagement" xmlns:xsi="http://www.w3.org/2001/XMLSchema-instance" xsi:schemaLocation="http://schemas.nav.gov.hu/EKAER/1.0/ekaermanagement ekaermanagement.xsd" xmlns="http://schemas.nav.gov.hu/EKAER/1.0/ekaermanagement">
<tns:header>
<tns:requestId>RRRID_0033704529</tns:requestId>
<tns:timestamp>2020-12-11T09:05:22+01:00</tns:timestamp>
<tns:requestVersion>2.1</tns:requestVersion>
<tns:headerVersion>1.0</tns:headerVersion>
</tns:header>
<tns:user>
<tns:user>Teszt18896390</tns:user>
<tns:passwordHash>9CF7AEABF445DA8045CEF26F78E4F23C2F4B9BD85B8D13003BAC72DB56075F8FD95787CF7A56315DA998B2CF4D44D68B33EBB0C2D55B4B79AEC23A4A54BAE936</tns:passwordHash>
<tns:VATNumber>18896390</tns:VATNumber>
<tns:requestSignature>baccea916e83d52ae93758a9beddafb90335466b6828f6070aefd27ae97cb0ac1620dd6de0aa663219e9c45577ed1c29bc818a75ea368e9a787ad27bb482e0fe</tns:requestSignature>
</tns:user>
	<tradeCardOperations>
		<tradeCardOperation>
			<index>1</index>
			<operation>create</operation>
			<tradeCard>
				<orderNumber>1</orderNumber>
				<tradeType>I</tradeType>
				<isSellerDelivery>true</isSellerDelivery>
				<modByCarrierEnabled>false</modByCarrierEnabled>
				<carrierText>IT test Carrier</carrierText>
				<sellerName>IT seller name</sellerName>
				<sellerVatNumber>DE811115368</sellerVatNumber>
				<sellerCountry>DE</sellerCountry>
				<sellerAddress>IT seller address</sellerAddress>
				<destinationName>IT dest name</destinationName>
				<destinationVatNumber>18896390</destinationVatNumber>
				<destinationCountry>HU</destinationCountry>
				<destinationAddress>IT dest address</destinationAddress>
				<vehicle>
					<plateNumber>NZ222CCC</plateNumber>
					<country>SK</country>
				</vehicle>
				<vehicle2>
					<plateNumber>NZ222AA</plateNumber>
					<country>D</country>
				</vehicle2>
				<deliveryPlans>
					<deliveryPlan>
						<items>
							<tradeCardItem>
								<itemExternalId>1</itemExternalId>
								<tradeReason>O</tradeReason>
								<productVtsz>29359030</productVtsz>
								<productName>IT1</productName>
								<adrNumber>06042011</adrNumber>								
								<weight>200</weight>
								<value>1200000</value>
								<factoryItemNumber>qwe</factoryItemNumber>								
								<importerItemNumber>789</importerItemNumber>
								<expirationDate>2015-12-13+01:00</expirationDate>
								<batchNumber>3862018</batchNumber>								
							</tradeCardItem>
							<tradeCardItem>
								<itemExternalId>2</itemExternalId>							
								<tradeReason>O</tradeReason>
								<productVtsz>15220091</productVtsz>
								<productName>IT2</productName>
								<adrNumber>3862023</adrNumber>								
								<weight>1200</weight>
								<value>1200000</value>
								<factoryItemNumber>qwe</factoryItemNumber>								
								<importerItemNumber>789</importerItemNumber>
								<expirationDate>2015-12-13+01:00</expirationDate>
								<batchNumber>3862023</batchNumber>
								<vatRateAssuranceExemption>false</vatRateAssuranceExemption>							
							</tradeCardItem>
						</items>
						<loadLocation>
							<name>IT TEST LOAD NAME</name>
							<VATNumber>DE23862035</VATNumber>
							<phone>+421909123456</phone>
							<email>IT@IT.SK</email>
							<country>SK</country>
							<zipCode>98765</zipCode>
							<city>IT TEST LOAD CITY</city>
							<street>IT LOAD STREET</street>
							<streetNumber>111</streetNumber>
							<lotNumber>123</lotNumber>
						</loadLocation>
						<unloadLocation>
							<name>IT TEST ULOAD NAMEqwe</name>
							<VATNumber>10036190</VATNumber>
							<phone>+3660123456789</phone>
							<email>IT@IT.HU</email>
							<country>HU</country>
							<zipCode>1111</zipCode>
							<city>BUDAPEST</city>
							<street>IT ULOAD STREETqweq</street>
							<streetNumber>222</streetNumber>
							<lotNumber>321</lotNumber>
						</unloadLocation>					
					</deliveryPlan>
				</deliveryPlans>
			</tradeCard>
		</tradeCardOperation>
	</tradeCardOperations>
</tns:manageTradeCardsRequest>