<?xml version="1.0" encoding="UTF-8"?>
<tns:manageTradeCardsRequest xmlns:tns="http://schemas.nav.gov.hu/EKAER/1.0/ekaermanagement" xmlns:xsi="http://www.w3.org/2001/XMLSchema-instance" xsi:schemaLocation="http://schemas.nav.gov.hu/EKAER/1.0/ekaermanagement ekaermanagement.xsd" xmlns="http://schemas.nav.gov.hu/EKAER/1.0/ekaermanagement">
<tns:header>
<tns:requestId>RRRID_0044090236</tns:requestId>
<tns:timestamp>2020-12-11T11:04:05+01:00</tns:timestamp>
<tns:requestVersion>2.1</tns:requestVersion>
<tns:headerVersion>1.0</tns:headerVersion>
</tns:header>
<tns:user>
<tns:user>Teszt18896390</tns:user>
<tns:passwordHash>9CF7AEABF445DA8045CEF26F78E4F23C2F4B9BD85B8D13003BAC72DB56075F8FD95787CF7A56315DA998B2CF4D44D68B33EBB0C2D55B4B79AEC23A4A54BAE936</tns:passwordHash>
<tns:VATNumber>18896390</tns:VATNumber>
<tns:requestSignature>28048a22cb7b0b605a2806daba0c56f005de1aa7a5d842c7cdad3c920d108295627e14152eac972cb3d9e0ba0b4a3a3aa933c3708740336d5ab2989aff03870e</tns:requestSignature>
</tns:user>
	<tradeCardOperations>
		<tradeCardOperation>
			<index>1</index>
			<operation>create</operation>
			<tradeCard>
				<orderNumber>1</orderNumber>
				<tradeType>E</tradeType>
				<modByCarrierEnabled>false</modByCarrierEnabled>
				<carrierText>IT test Carrier</carrierText>
				<sellerName>IT seller name</sellerName>
				<sellerVatNumber>18896390</sellerVatNumber>
				<sellerCountry>SK</sellerCountry>
				<sellerAddress>IT seller address</sellerAddress>
				<destinationName>IT dest name</destinationName>
				<destinationVatNumber>DE811115368</destinationVatNumber>
				<destinationCountry>HU</destinationCountry>
				<destinationAddress>IT dest address</destinationAddress>
				<vehicle>
					<plateNumber>NZ222CCC</plateNumber>
					<country>SK</country>
				</vehicle>
				<vehicle2>
					<plateNumber>NZ222AA</plateNumber>
					<country>D</country>
				</vehicle2>
				<loadDate>2020-12-11T11:04:05+01:00</loadDate>
				<tradeCardType>S</tradeCardType>
			</tradeCard>
		</tradeCardOperation>
	</tradeCardOperations>
</tns:manageTradeCardsRequest>