<tns:manageTradeCardsRequest xmlns:tns="http://schemas.nav.gov.hu/EKAER/1.0/ekaermanagement" xmlns:xsi="http://www.w3.org/2001/XMLSchema-instance" xsi:schemaLocation="http://schemas.nav.gov.hu/EKAER/1.0/ekaermanagement ekaermanagement.xsd" xmlns="http://schemas.nav.gov.hu/EKAER/1.0/ekaermanagement"><tns:header>
<tns:requestId>RRRID_0117063253</tns:requestId>
<tns:timestamp>2020-12-11T09:05:22+01:00</tns:timestamp>
<tns:requestVersion>2.1</tns:requestVersion>
<tns:headerVersion>1.0</tns:headerVersion>
</tns:header>
<tns:user>
<tns:user>Teszt18896390</tns:user>
<tns:passwordHash>9CF7AEABF445DA8045CEF26F78E4F23C2F4B9BD85B8D13003BAC72DB56075F8FD95787CF7A56315DA998B2CF4D44D68B33EBB0C2D55B4B79AEC23A4A54BAE936</tns:passwordHash>
<tns:VATNumber>18896390</tns:VATNumber>
<tns:requestSignature>febd41bc36a909ef6ae6cb470efd6f4ad21d12a5ba0af3ba4915e17edf33278821319aa31d77aafad56558169d86eba8b27d877dd9c3a574621b2244657ec4ab</tns:requestSignature>
</tns:user>
	<tradeCardOperations>
		<tradeCardOperation>
			<index>1</index>
			<operation>finalize</operation>
			<tcn>E201211000B98B5</tcn>
			<arrivalDateOnly>2020-12-11</arrivalDateOnly>
			<!--
			   Teljes dátum/idő megadása esetén a fenti elem helyett az alábbi elem alkalmazható:
			   <arrivalDate>2015-07-02T09:00:50+02:00</arrivalDate>
			-->
		</tradeCardOperation>
	</tradeCardOperations>
</tns:manageTradeCardsRequest>