<?xml version="1.0" encoding="UTF-8"?>
<tns:manageTradeCardsRequest xmlns:tns="http://schemas.nav.gov.hu/EKAER/1.0/ekaermanagement" xmlns:xsi="http://www.w3.org/2001/XMLSchema-instance" xsi:schemaLocation="http://schemas.nav.gov.hu/EKAER/1.0/ekaermanagement ekaermanagement.xsd" xmlns="http://schemas.nav.gov.hu/EKAER/1.0/ekaermanagement">
<tns:header>
<tns:requestId>RRRID_0169539211</tns:requestId>
<tns:timestamp>2020-12-11T09:05:22+01:00</tns:timestamp>
<tns:requestVersion>2.1</tns:requestVersion>
<tns:headerVersion>1.0</tns:headerVersion>
</tns:header>
<tns:user>
<tns:user>Teszt18896390</tns:user>
<tns:passwordHash>9CF7AEABF445DA8045CEF26F78E4F23C2F4B9BD85B8D13003BAC72DB56075F8FD95787CF7A56315DA998B2CF4D44D68B33EBB0C2D55B4B79AEC23A4A54BAE936</tns:passwordHash>
<tns:VATNumber>18896390</tns:VATNumber>
<tns:requestSignature>444fdd15fb7c12698a7ee97e7e23d0084560afda154827eef944957c5428518dc2a8b1028d79afa243f27c4c4e63f652f31df7e33a892a8a74bf6a91e216e4bd</tns:requestSignature>
</tns:user>
	<tradeCardOperations>
		<tradeCardOperation>
			<index>1</index>
			<operation>modify</operation>
			<tradeCard>
				<tcn>E201211000B98B5</tcn>
				<orderNumber>1</orderNumber>
				<tradeType>I</tradeType>
				<modByCarrierEnabled>false</modByCarrierEnabled>				
				<sellerName>IT seller name</sellerName>
				<sellerVatNumber>DE811115368</sellerVatNumber>
				<sellerCountry>SK</sellerCountry>
				<sellerAddress>IT seller address</sellerAddress>
				<destinationName>IT dest name</destinationName>
				<destinationVatNumber>18896390</destinationVatNumber>
				<destinationCountry>HU</destinationCountry>
				<destinationAddress>IT dest address</destinationAddress>
				<vehicle>
					<plateNumber>NZ222CCC</plateNumber>
					<country>SK</country>
				</vehicle>
				<vehicle2>
					<plateNumber>NZ222AA</plateNumber>
					<country>D</country>
				</vehicle2>
				<deliveryPlans>
					<deliveryPlan id="375RVKKUME46">
						<items>
							<tradeCardItem id="375RVKMPN547">
								<itemExternalId>1</itemExternalId>
								<itemOperation>modify</itemOperation>
								<tradeReason>O</tradeReason>
								<productVtsz>29359030</productVtsz>
								<productName>IT1</productName>
								<adrNumber>3862018</adrNumber>
								<transportLincense>3862023</transportLincense>
								<weight>202.000</weight>
								<value>1200002</value>
								<valueModReasonText>asd</valueModReasonText>
								<weightModReasonText>qwe</weightModReasonText>
								<expirationDate>2015-12-13+01:00</expirationDate>
								<batchNumber>3862018</batchNumber>							
							</tradeCardItem>
							<tradeCardItem id="375RVKNYLU48">
								<itemExternalId>2</itemExternalId>
								<itemOperation>modify</itemOperation>
								<tradeReason>O</tradeReason>
								<productVtsz>15220091</productVtsz>
								<productName>IT2</productName>
								<adrNumber>3862023</adrNumber>
								<transportLincense>3862027</transportLincense>
								<weight>1202.000</weight>
								<value>800002</value>
								<valueModReasonText>asd</valueModReasonText>
								<weightModReasonText>qwe</weightModReasonText>
								<expirationDate>2015-12-13+01:00</expirationDate>
								<batchNumber>3862023</batchNumber>
								<vatRateAssuranceExemption>false</vatRateAssuranceExemption>							
							</tradeCardItem>
						</items>
						<loadLocation>
							<name>IT TEST LOAD NAME</name>
							<VATNumber>DE23862035</VATNumber>
							<phone>+421909123456</phone>
							<email>IT@IT.SK</email>
							<country>SK</country>
							<zipCode>98765</zipCode>
							<city>IT TEST LOAD CITY</city>
							<street>IT LOAD STREET</street>
							<streetType>UTCA</streetType>
							<streetNumber>111</streetNumber>
							<lotNumber>123</lotNumber>
						</loadLocation>
						<unloadLocation>
							<name>IT TEST ULOAD NAMEqwe</name>
							<VATNumber>10036190</VATNumber>
							<phone>+3660123456789</phone>
							<email>IT@IT.HU</email>
							<country>HU</country>
							<zipCode>1111</zipCode>
							<city>BUDAPEST</city>
							<street>IT ULOAD STREETqweq</street>
							<streetType>UTCA</streetType>
							<streetNumber>222</streetNumber>
							<lotNumber>321</lotNumber>
						</unloadLocation>
						<isDestinationCompanyIdentical>true</isDestinationCompanyIdentical>						
					</deliveryPlan>
				</deliveryPlans>
			</tradeCard>
		</tradeCardOperation>
	</tradeCardOperations>
</tns:manageTradeCardsRequest>