<?xml version="1.0" encoding="UTF-8" standalone="yes"?>
<queryTradeCardsResponse xmlns="http://schemas.nav.gov.hu/EKAER/1.0/ekaermanagement" xmlns:ns2="http://schemas.nav.gov.hu/EKAER/1.0/common">
	<header>
		<requestId>RRRID_0152026778</requestId>
		<timestamp>2020-12-11T09:16:11+01:00</timestamp>
		<requestVersion>2.1</requestVersion>
		<headerVersion>1.0</headerVersion>
	</header>
	<result>
		<funcCode>OK</funcCode>
		<reasonCode>SUCCESS</reasonCode>
		<msg>successful query</msg>
	</result>
	<tradeCards>
		<tradeCardInfo>
			<tcn>E201211000B9847</tcn>
			<orderNumber>1</orderNumber>
			<tradeType>I</tradeType>
			<isSellerDelivery>true</isSellerDelivery>
			<modByCarrierEnabled>false</modByCarrierEnabled>
			<isIntermodal>false</isIntermodal>
			<sellerName>IT seller name</sellerName>
			<sellerVatNumber>DE811115368</sellerVatNumber>
			<sellerCountry>DE</sellerCountry>
			<sellerAddress>IT seller address</sellerAddress>
			<destinationName>IT dest name</destinationName>
			<destinationVatNumber>18896390</destinationVatNumber>
			<destinationCountry>HU</destinationCountry>
			<destinationAddress>IT dest address</destinationAddress>
			<unloadReporter>S</unloadReporter>
			<vehicle>
				<plateNumber>NZ222CCC</plateNumber>
				<country>SK</country>
			</vehicle>
			<vehicle2>
				<plateNumber>NZ222AA</plateNumber>
				<country>D</country>
			</vehicle2>
			<arrivalDate>2020-12-11T08:51:50+01:00</arrivalDate>
			<tradeCardType>N</tradeCardType>
			<deliveryPlans>
				<deliveryPlan id="375RF32HJG06">
					<items>
						<tradeCardItem id="375RF3BFGH07">
							<itemExternalId>1</itemExternalId>
							<tradeReason>O</tradeReason>
							<productVtsz>29359030</productVtsz>
							<productName>IT1</productName>
							<productVtszGroupName>Szulfonamidok</productVtszGroupName>
							<adrNumber>06042011</adrNumber>
							<weight>202</weight>
							<value>1200001</value>
							<valueModReasonText>asd</valueModReasonText>
							<weightModReasonText>qwe</weightModReasonText>
							<factoryItemNumber>qwe</factoryItemNumber>
							<importerItemNumber>789</importerItemNumber>
							<expirationDate>2015-12-13+01:00</expirationDate>
							<batchNumber>3862018</batchNumber>
							<vatRateAssuranceExemption>false</vatRateAssuranceExemption>
							<insDate>2020-12-11T08:52:33+01:00</insDate>
							<insUser>Teszt18896390</insUser>
							<modDate>2020-12-11T08:52:52+01:00</modDate>
							<modUser>Teszt18896390</modUser>
						</tradeCardItem>
						<tradeCardItem id="375RF3EDVR08">
							<itemExternalId>2</itemExternalId>
							<tradeReason>O</tradeReason>
							<productVtsz>15220091</productVtsz>
							<productName>IT2</productName>
							<productVtszGroupName>Degras; zsíros anyagok vagy állati vagy növényi viaszok feldolgozási maradékai</productVtszGroupName>
							<adrNumber>3862023</adrNumber>
							<weight>1202</weight>
							<value>800001</value>
							<valueModReasonText>asd</valueModReasonText>
							<weightModReasonText>qwe</weightModReasonText>
							<factoryItemNumber>qwe</factoryItemNumber>
							<importerItemNumber>789</importerItemNumber>
							<expirationDate>2015-12-13+01:00</expirationDate>
							<batchNumber>3862023</batchNumber>
							<vatRateAssuranceExemption>false</vatRateAssuranceExemption>
							<insDate>2020-12-11T08:52:33+01:00</insDate>
							<insUser>Teszt18896390</insUser>
							<modDate>2020-12-11T08:52:52+01:00</modDate>
							<modUser>Teszt18896390</modUser>
						</tradeCardItem>
					</items>
					<loadLocation>
						<name>IT TEST LOAD NAME</name>
						<VATNumber>DE23862035</VATNumber>
						<phone>+421909123456</phone>
						<email>IT@IT.SK</email>
						<country>SK</country>
						<zipCode>98765</zipCode>
						<city>IT TEST LOAD CITY</city>
						<street>IT LOAD STREET</street>
						<streetNumber>111</streetNumber>
						<lotNumber>123</lotNumber>
					</loadLocation>
					<unloadLocation>
						<name>IT TEST ULOAD NAMEQWE</name>
						<VATNumber>10036190</VATNumber>
						<phone>+3660123456789</phone>
						<email>IT@IT.HU</email>
						<country>HU</country>
						<zipCode>1111</zipCode>
						<city>BUDAPEST</city>
						<street>IT ULOAD STREETQWEQ</street>
						<streetNumber>222</streetNumber>
						<lotNumber>321</lotNumber>
					</unloadLocation>
					<isDestinationCompanyIdentical>true</isDestinationCompanyIdentical>
				</deliveryPlan>
			</deliveryPlans>
			<VATNumber>18896390</VATNumber>
			<status>F</status>
			<totalWeight>1404</totalWeight>
			<totalValue>2000002</totalValue>
			<totalAssuranceLocked>0</totalAssuranceLocked>
			<finalizationTime>2020-12-11+01:00</finalizationTime>
			<insDate>2020-12-11T08:52:30+01:00</insDate>
			<tcnValidityStart>2020-12-11+01:00</tcnValidityStart>
			<tcnValidityEnd>2020-12-11+01:00</tcnValidityEnd>
			<insUser>Teszt18896390</insUser>
			<modUser>Teszt18896390</modUser>
			<modDate>2020-12-11T08:52:52+01:00</modDate>
			<allowances>
				<allowance>
					<allowanceValue>5000</allowanceValue>
					<allowanceDueDate>2020-12-12+01:00</allowanceDueDate>
				</allowance>
			</allowances>
		</tradeCardInfo>
		<tradeCardInfo>
			<tcn>E201211000B9861</tcn>
			<orderNumber>1</orderNumber>
			<tradeType>I</tradeType>
			<isSellerDelivery>true</isSellerDelivery>
			<modByCarrierEnabled>false</modByCarrierEnabled>
			<isIntermodal>false</isIntermodal>
			<sellerName>IT seller name</sellerName>
			<sellerVatNumber>DE811115368</sellerVatNumber>
			<sellerCountry>DE</sellerCountry>
			<sellerAddress>IT seller address</sellerAddress>
			<destinationName>IT dest name</destinationName>
			<destinationVatNumber>18896390</destinationVatNumber>
			<destinationCountry>HU</destinationCountry>
			<destinationAddress>IT dest address</destinationAddress>
			<unloadReporter>S</unloadReporter>
			<vehicle>
				<plateNumber>NZ222CCC</plateNumber>
				<country>SK</country>
			</vehicle>
			<vehicle2>
				<plateNumber>NZ222AA</plateNumber>
				<country>D</country>
			</vehicle2>
			<arrivalDate>2020-12-11T08:54:00+01:00</arrivalDate>
			<tradeCardType>N</tradeCardType>
			<deliveryPlans>
				<deliveryPlan id="375RGXSNY80X">
					<items>
						<tradeCardItem id="375RGXUQWG0Y">
							<itemExternalId>1</itemExternalId>
							<tradeReason>O</tradeReason>
							<productVtsz>29359030</productVtsz>
							<productName>IT1</productName>
							<productVtszGroupName>Szulfonamidok</productVtszGroupName>
							<adrNumber>06042011</adrNumber>
							<weight>202</weight>
							<value>1200001</value>
							<valueModReasonText>asd</valueModReasonText>
							<weightModReasonText>qwe</weightModReasonText>
							<factoryItemNumber>qwe</factoryItemNumber>
							<importerItemNumber>789</importerItemNumber>
							<expirationDate>2015-12-13+01:00</expirationDate>
							<batchNumber>3862018</batchNumber>
							<vatRateAssuranceExemption>false</vatRateAssuranceExemption>
							<insDate>2020-12-11T08:53:59+01:00</insDate>
							<insUser>Teszt18896390</insUser>
							<modDate>2020-12-11T08:54:06+01:00</modDate>
							<modUser>Teszt18896390</modUser>
						</tradeCardItem>
						<tradeCardItem id="375RGXWVUK0Z">
							<itemExternalId>2</itemExternalId>
							<tradeReason>O</tradeReason>
							<productVtsz>15220091</productVtsz>
							<productName>IT2</productName>
							<productVtszGroupName>Degras; zsíros anyagok vagy állati vagy növényi viaszok feldolgozási maradékai</productVtszGroupName>
							<adrNumber>3862023</adrNumber>
							<weight>1202</weight>
							<value>800001</value>
							<valueModReasonText>asd</valueModReasonText>
							<weightModReasonText>qwe</weightModReasonText>
							<factoryItemNumber>qwe</factoryItemNumber>
							<importerItemNumber>789</importerItemNumber>
							<expirationDate>2015-12-13+01:00</expirationDate>
							<batchNumber>3862023</batchNumber>
							<vatRateAssuranceExemption>false</vatRateAssuranceExemption>
							<insDate>2020-12-11T08:53:59+01:00</insDate>
							<insUser>Teszt18896390</insUser>
							<modDate>2020-12-11T08:54:06+01:00</modDate>
							<modUser>Teszt18896390</modUser>
						</tradeCardItem>
					</items>
					<loadLocation>
						<name>IT TEST LOAD NAME</name>
						<VATNumber>DE23862035</VATNumber>
						<phone>+421909123456</phone>
						<email>IT@IT.SK</email>
						<country>SK</country>
						<zipCode>98765</zipCode>
						<city>IT TEST LOAD CITY</city>
						<street>IT LOAD STREET</street>
						<streetNumber>111</streetNumber>
						<lotNumber>123</lotNumber>
					</loadLocation>
					<unloadLocation>
						<name>IT TEST ULOAD NAMEQWE</name>
						<VATNumber>10036190</VATNumber>
						<phone>+3660123456789</phone>
						<email>IT@IT.HU</email>
						<country>HU</country>
						<zipCode>1111</zipCode>
						<city>BUDAPEST</city>
						<street>IT ULOAD STREETQWEQ</street>
						<streetNumber>222</streetNumber>
						<lotNumber>321</lotNumber>
					</unloadLocation>
					<isDestinationCompanyIdentical>true</isDestinationCompanyIdentical>
				</deliveryPlan>
			</deliveryPlans>
			<VATNumber>18896390</VATNumber>
			<status>F</status>
			<totalWeight>1404</totalWeight>
			<totalValue>2000002</totalValue>
			<totalAssuranceLocked>0</totalAssuranceLocked>
			<finalizationTime>2020-12-11+01:00</finalizationTime>
			<insDate>2020-12-11T08:53:59+01:00</insDate>
			<tcnValidityStart>2020-12-11+01:00</tcnValidityStart>
			<tcnValidityEnd>2020-12-11+01:00</tcnValidityEnd>
			<insUser>Teszt18896390</insUser>
			<modUser>Teszt18896390</modUser>
			<modDate>2020-12-11T08:54:06+01:00</modDate>
			<allowances>
				<allowance>
					<allowanceValue>5000</allowanceValue>
					<allowanceDueDate>2020-12-12+01:00</allowanceDueDate>
				</allowance>
			</allowances>
		</tradeCardInfo>
		<tradeCardInfo>
			<tcn>E201211000B9879</tcn>
			<orderNumber>1</orderNumber>
			<tradeType>I</tradeType>
			<isSellerDelivery>true</isSellerDelivery>
			<modByCarrierEnabled>false</modByCarrierEnabled>
			<isIntermodal>false</isIntermodal>
			<sellerName>IT seller name</sellerName>
			<sellerVatNumber>DE811115368</sellerVatNumber>
			<sellerCountry>DE</sellerCountry>
			<sellerAddress>IT seller address</sellerAddress>
			<destinationName>IT dest name</destinationName>
			<destinationVatNumber>18896390</destinationVatNumber>
			<destinationCountry>HU</destinationCountry>
			<destinationAddress>IT dest address</destinationAddress>
			<unloadReporter>S</unloadReporter>
			<vehicle>
				<plateNumber>NZ222CCC</plateNumber>
				<country>SK</country>
			</vehicle>
			<vehicle2>
				<plateNumber>NZ222AA</plateNumber>
				<country>D</country>
			</vehicle2>
			<arrivalDate>2020-12-11T08:56:12+01:00</arrivalDate>
			<tradeCardType>N</tradeCardType>
			<deliveryPlans>
				<deliveryPlan id="375RJRCVYQ1O">
					<items>
						<tradeCardItem id="375RJRG2RH1P">
							<itemExternalId>1</itemExternalId>
							<tradeReason>O</tradeReason>
							<productVtsz>29359030</productVtsz>
							<productName>IT1</productName>
							<productVtszGroupName>Szulfonamidok</productVtszGroupName>
							<adrNumber>06042011</adrNumber>
							<weight>202</weight>
							<value>1200001</value>
							<valueModReasonText>asd</valueModReasonText>
							<weightModReasonText>qwe</weightModReasonText>
							<factoryItemNumber>qwe</factoryItemNumber>
							<importerItemNumber>789</importerItemNumber>
							<expirationDate>2015-12-13+01:00</expirationDate>
							<batchNumber>3862018</batchNumber>
							<vatRateAssuranceExemption>false</vatRateAssuranceExemption>
							<insDate>2020-12-11T08:56:11+01:00</insDate>
							<insUser>Teszt18896390</insUser>
							<modDate>2020-12-11T08:56:17+01:00</modDate>
							<modUser>Teszt18896390</modUser>
						</tradeCardItem>
						<tradeCardItem id="375RJRHCH41Q">
							<itemExternalId>2</itemExternalId>
							<tradeReason>O</tradeReason>
							<productVtsz>15220091</productVtsz>
							<productName>IT2</productName>
							<productVtszGroupName>Degras; zsíros anyagok vagy állati vagy növényi viaszok feldolgozási maradékai</productVtszGroupName>
							<adrNumber>3862023</adrNumber>
							<weight>1202</weight>
							<value>800001</value>
							<valueModReasonText>asd</valueModReasonText>
							<weightModReasonText>qwe</weightModReasonText>
							<factoryItemNumber>qwe</factoryItemNumber>
							<importerItemNumber>789</importerItemNumber>
							<expirationDate>2015-12-13+01:00</expirationDate>
							<batchNumber>3862023</batchNumber>
							<vatRateAssuranceExemption>false</vatRateAssuranceExemption>
							<insDate>2020-12-11T08:56:11+01:00</insDate>
							<insUser>Teszt18896390</insUser>
							<modDate>2020-12-11T08:56:17+01:00</modDate>
							<modUser>Teszt18896390</modUser>
						</tradeCardItem>
					</items>
					<loadLocation>
						<name>IT TEST LOAD NAME</name>
						<VATNumber>DE23862035</VATNumber>
						<phone>+421909123456</phone>
						<email>IT@IT.SK</email>
						<country>SK</country>
						<zipCode>98765</zipCode>
						<city>IT TEST LOAD CITY</city>
						<street>IT LOAD STREET</street>
						<streetNumber>111</streetNumber>
						<lotNumber>123</lotNumber>
					</loadLocation>
					<unloadLocation>
						<name>IT TEST ULOAD NAMEQWE</name>
						<VATNumber>10036190</VATNumber>
						<phone>+3660123456789</phone>
						<email>IT@IT.HU</email>
						<country>HU</country>
						<zipCode>1111</zipCode>
						<city>BUDAPEST</city>
						<street>IT ULOAD STREETQWEQ</street>
						<streetNumber>222</streetNumber>
						<lotNumber>321</lotNumber>
					</unloadLocation>
					<isDestinationCompanyIdentical>true</isDestinationCompanyIdentical>
				</deliveryPlan>
			</deliveryPlans>
			<VATNumber>18896390</VATNumber>
			<status>F</status>
			<totalWeight>1404</totalWeight>
			<totalValue>2000002</totalValue>
			<totalAssuranceLocked>0</totalAssuranceLocked>
			<finalizationTime>2020-12-11+01:00</finalizationTime>
			<insDate>2020-12-11T08:56:10+01:00</insDate>
			<tcnValidityStart>2020-12-11+01:00</tcnValidityStart>
			<tcnValidityEnd>2020-12-11+01:00</tcnValidityEnd>
			<insUser>Teszt18896390</insUser>
			<modUser>Teszt18896390</modUser>
			<modDate>2020-12-11T08:56:17+01:00</modDate>
			<allowances>
				<allowance>
					<allowanceValue>5000</allowanceValue>
					<allowanceDueDate>2020-12-12+01:00</allowanceDueDate>
				</allowance>
			</allowances>
		</tradeCardInfo>
		<tradeCardInfo>
			<tcn>E201211000B9893</tcn>
			<orderNumber>1</orderNumber>
			<tradeType>I</tradeType>
			<isSellerDelivery>true</isSellerDelivery>
			<modByCarrierEnabled>false</modByCarrierEnabled>
			<isIntermodal>false</isIntermodal>
			<sellerName>IT seller name</sellerName>
			<sellerVatNumber>DE811115368</sellerVatNumber>
			<sellerCountry>DE</sellerCountry>
			<sellerAddress>IT seller address</sellerAddress>
			<destinationName>IT dest name</destinationName>
			<destinationVatNumber>18896390</destinationVatNumber>
			<destinationCountry>HU</destinationCountry>
			<destinationAddress>IT dest address</destinationAddress>
			<unloadReporter>S</unloadReporter>
			<vehicle>
				<plateNumber>NZ222CCC</plateNumber>
				<country>SK</country>
			</vehicle>
			<vehicle2>
				<plateNumber>NZ222AA</plateNumber>
				<country>D</country>
			</vehicle2>
			<arrivalDate>2020-12-11T08:56:37+01:00</arrivalDate>
			<tradeCardType>N</tradeCardType>
			<deliveryPlans>
				<deliveryPlan id="375RKAZH672H">
					<items>
						<tradeCardItem id="375RKB21SZ2I">
							<itemExternalId>1</itemExternalId>
							<tradeReason>O</tradeReason>
							<productVtsz>29359030</productVtsz>
							<productName>IT1</productName>
							<productVtszGroupName>Szulfonamidok</productVtszGroupName>
							<adrNumber>06042011</adrNumber>
							<weight>202</weight>
							<value>1200001</value>
							<valueModReasonText>asd</valueModReasonText>
							<weightModReasonText>qwe</weightModReasonText>
							<factoryItemNumber>qwe</factoryItemNumber>
							<importerItemNumber>789</importerItemNumber>
							<expirationDate>2015-12-13+01:00</expirationDate>
							<batchNumber>3862018</batchNumber>
							<vatRateAssuranceExemption>false</vatRateAssuranceExemption>
							<insDate>2020-12-11T08:56:36+01:00</insDate>
							<insUser>Teszt18896390</insUser>
							<modDate>2020-12-11T08:56:44+01:00</modDate>
							<modUser>Teszt18896390</modUser>
						</tradeCardItem>
						<tradeCardItem id="375RKB4JFZ2J">
							<itemExternalId>2</itemExternalId>
							<tradeReason>O</tradeReason>
							<productVtsz>15220091</productVtsz>
							<productName>IT2</productName>
							<productVtszGroupName>Degras; zsíros anyagok vagy állati vagy növényi viaszok feldolgozási maradékai</productVtszGroupName>
							<adrNumber>3862023</adrNumber>
							<weight>1202</weight>
							<value>800001</value>
							<valueModReasonText>asd</valueModReasonText>
							<weightModReasonText>qwe</weightModReasonText>
							<factoryItemNumber>qwe</factoryItemNumber>
							<importerItemNumber>789</importerItemNumber>
							<expirationDate>2015-12-13+01:00</expirationDate>
							<batchNumber>3862023</batchNumber>
							<vatRateAssuranceExemption>false</vatRateAssuranceExemption>
							<insDate>2020-12-11T08:56:36+01:00</insDate>
							<insUser>Teszt18896390</insUser>
							<modDate>2020-12-11T08:56:44+01:00</modDate>
							<modUser>Teszt18896390</modUser>
						</tradeCardItem>
					</items>
					<loadLocation>
						<name>IT TEST LOAD NAME</name>
						<VATNumber>DE23862035</VATNumber>
						<phone>+421909123456</phone>
						<email>IT@IT.SK</email>
						<country>SK</country>
						<zipCode>98765</zipCode>
						<city>IT TEST LOAD CITY</city>
						<street>IT LOAD STREET</street>
						<streetNumber>111</streetNumber>
						<lotNumber>123</lotNumber>
					</loadLocation>
					<unloadLocation>
						<name>IT TEST ULOAD NAMEQWE</name>
						<VATNumber>10036190</VATNumber>
						<phone>+3660123456789</phone>
						<email>IT@IT.HU</email>
						<country>HU</country>
						<zipCode>1111</zipCode>
						<city>BUDAPEST</city>
						<street>IT ULOAD STREETQWEQ</street>
						<streetNumber>222</streetNumber>
						<lotNumber>321</lotNumber>
					</unloadLocation>
					<isDestinationCompanyIdentical>true</isDestinationCompanyIdentical>
				</deliveryPlan>
			</deliveryPlans>
			<VATNumber>18896390</VATNumber>
			<status>F</status>
			<totalWeight>1404</totalWeight>
			<totalValue>2000002</totalValue>
			<totalAssuranceLocked>0</totalAssuranceLocked>
			<finalizationTime>2020-12-11+01:00</finalizationTime>
			<insDate>2020-12-11T08:56:36+01:00</insDate>
			<tcnValidityStart>2020-12-11+01:00</tcnValidityStart>
			<tcnValidityEnd>2020-12-11+01:00</tcnValidityEnd>
			<insUser>Teszt18896390</insUser>
			<modUser>Teszt18896390</modUser>
			<modDate>2020-12-11T08:56:44+01:00</modDate>
			<allowances>
				<allowance>
					<allowanceValue>5000</allowanceValue>
					<allowanceDueDate>2020-12-12+01:00</allowanceDueDate>
				</allowance>
			</allowances>
		</tradeCardInfo>
		<tradeCardInfo>
			<tcn>E201211000B98A0</tcn>
			<orderNumber>1</orderNumber>
			<tradeType>I</tradeType>
			<isSellerDelivery>true</isSellerDelivery>
			<modByCarrierEnabled>false</modByCarrierEnabled>
			<isIntermodal>false</isIntermodal>
			<sellerName>IT seller name</sellerName>
			<sellerVatNumber>DE811115368</sellerVatNumber>
			<sellerCountry>DE</sellerCountry>
			<sellerAddress>IT seller address</sellerAddress>
			<destinationName>IT dest name</destinationName>
			<destinationVatNumber>18896390</destinationVatNumber>
			<destinationCountry>HU</destinationCountry>
			<destinationAddress>IT dest address</destinationAddress>
			<unloadReporter>S</unloadReporter>
			<vehicle>
				<plateNumber>NZ222CCC</plateNumber>
				<country>SK</country>
			</vehicle>
			<vehicle2>
				<plateNumber>NZ222AA</plateNumber>
				<country>D</country>
			</vehicle2>
			<arrivalDate>2020-12-11T08:59:53+01:00</arrivalDate>
			<tradeCardType>N</tradeCardType>
			<deliveryPlans>
				<deliveryPlan id="375ROIP2Q83A">
					<items>
						<tradeCardItem id="375ROIQVHB3B">
							<itemExternalId>1</itemExternalId>
							<tradeReason>O</tradeReason>
							<productVtsz>29359030</productVtsz>
							<productName>IT1</productName>
							<productVtszGroupName>Szulfonamidok</productVtszGroupName>
							<adrNumber>06042011</adrNumber>
							<weight>202</weight>
							<value>1200001</value>
							<valueModReasonText>asd</valueModReasonText>
							<weightModReasonText>qwe</weightModReasonText>
							<factoryItemNumber>qwe</factoryItemNumber>
							<importerItemNumber>789</importerItemNumber>
							<expirationDate>2015-12-13+01:00</expirationDate>
							<batchNumber>3862018</batchNumber>
							<vatRateAssuranceExemption>false</vatRateAssuranceExemption>
							<insDate>2020-12-11T08:59:53+01:00</insDate>
							<insUser>Teszt18896390</insUser>
							<modDate>2020-12-11T09:00:04+01:00</modDate>
							<modUser>Teszt18896390</modUser>
						</tradeCardItem>
						<tradeCardItem id="375ROIS9V83C">
							<itemExternalId>2</itemExternalId>
							<tradeReason>O</tradeReason>
							<productVtsz>15220091</productVtsz>
							<productName>IT2</productName>
							<productVtszGroupName>Degras; zsíros anyagok vagy állati vagy növényi viaszok feldolgozási maradékai</productVtszGroupName>
							<adrNumber>3862023</adrNumber>
							<weight>1202</weight>
							<value>800001</value>
							<valueModReasonText>asd</valueModReasonText>
							<weightModReasonText>qwe</weightModReasonText>
							<factoryItemNumber>qwe</factoryItemNumber>
							<importerItemNumber>789</importerItemNumber>
							<expirationDate>2015-12-13+01:00</expirationDate>
							<batchNumber>3862023</batchNumber>
							<vatRateAssuranceExemption>false</vatRateAssuranceExemption>
							<insDate>2020-12-11T08:59:53+01:00</insDate>
							<insUser>Teszt18896390</insUser>
							<modDate>2020-12-11T09:00:04+01:00</modDate>
							<modUser>Teszt18896390</modUser>
						</tradeCardItem>
					</items>
					<loadLocation>
						<name>IT TEST LOAD NAME</name>
						<VATNumber>DE23862035</VATNumber>
						<phone>+421909123456</phone>
						<email>IT@IT.SK</email>
						<country>SK</country>
						<zipCode>98765</zipCode>
						<city>IT TEST LOAD CITY</city>
						<street>IT LOAD STREET</street>
						<streetNumber>111</streetNumber>
						<lotNumber>123</lotNumber>
					</loadLocation>
					<unloadLocation>
						<name>IT TEST ULOAD NAMEQWE</name>
						<VATNumber>10036190</VATNumber>
						<phone>+3660123456789</phone>
						<email>IT@IT.HU</email>
						<country>HU</country>
						<zipCode>1111</zipCode>
						<city>BUDAPEST</city>
						<street>IT ULOAD STREETQWEQ</street>
						<streetNumber>222</streetNumber>
						<lotNumber>321</lotNumber>
					</unloadLocation>
					<isDestinationCompanyIdentical>true</isDestinationCompanyIdentical>
				</deliveryPlan>
			</deliveryPlans>
			<VATNumber>18896390</VATNumber>
			<status>F</status>
			<totalWeight>1404</totalWeight>
			<totalValue>2000002</totalValue>
			<totalAssuranceLocked>0</totalAssuranceLocked>
			<finalizationTime>2020-12-11+01:00</finalizationTime>
			<insDate>2020-12-11T08:59:52+01:00</insDate>
			<tcnValidityStart>2020-12-11+01:00</tcnValidityStart>
			<tcnValidityEnd>2020-12-11+01:00</tcnValidityEnd>
			<insUser>Teszt18896390</insUser>
			<modUser>Teszt18896390</modUser>
			<modDate>2020-12-11T09:00:04+01:00</modDate>
			<allowances>
				<allowance>
					<allowanceValue>5000</allowanceValue>
					<allowanceDueDate>2020-12-12+01:00</allowanceDueDate>
				</allowance>
			</allowances>
		</tradeCardInfo>
		<tradeCardInfo>
			<tcn>E201211000B98B5</tcn>
			<orderNumber>1</orderNumber>
			<tradeType>I</tradeType>
			<isSellerDelivery>true</isSellerDelivery>
			<modByCarrierEnabled>false</modByCarrierEnabled>
			<isIntermodal>false</isIntermodal>
			<sellerName>IT seller name</sellerName>
			<sellerVatNumber>DE811115368</sellerVatNumber>
			<sellerCountry>DE</sellerCountry>
			<sellerAddress>IT seller address</sellerAddress>
			<destinationName>IT dest name</destinationName>
			<destinationVatNumber>18896390</destinationVatNumber>
			<destinationCountry>HU</destinationCountry>
			<destinationAddress>IT dest address</destinationAddress>
			<unloadReporter>S</unloadReporter>
			<vehicle>
				<plateNumber>NZ222CCC</plateNumber>
				<country>SK</country>
			</vehicle>
			<vehicle2>
				<plateNumber>NZ222AA</plateNumber>
				<country>D</country>
			</vehicle2>
			<arrivalDate>2020-12-11T09:05:22+01:00</arrivalDate>
			<tradeCardType>N</tradeCardType>
			<deliveryPlans>
				<deliveryPlan id="375RVKKUME46">
					<items>
						<tradeCardItem id="375RVKMPN547">
							<itemExternalId>1</itemExternalId>
							<tradeReason>O</tradeReason>
							<productVtsz>29359030</productVtsz>
							<productName>IT1</productName>
							<productVtszGroupName>Szulfonamidok</productVtszGroupName>
							<adrNumber>06042011</adrNumber>
							<weight>202</weight>
							<value>1200001</value>
							<valueModReasonText>asd</valueModReasonText>
							<weightModReasonText>qwe</weightModReasonText>
							<factoryItemNumber>qwe</factoryItemNumber>
							<importerItemNumber>789</importerItemNumber>
							<expirationDate>2015-12-13+01:00</expirationDate>
							<batchNumber>3862018</batchNumber>
							<vatRateAssuranceExemption>false</vatRateAssuranceExemption>
							<insDate>2020-12-11T09:05:22+01:00</insDate>
							<insUser>Teszt18896390</insUser>
							<modDate>2020-12-11T09:05:33+01:00</modDate>
							<modUser>Teszt18896390</modUser>
						</tradeCardItem>
						<tradeCardItem id="375RVKNYLU48">
							<itemExternalId>2</itemExternalId>
							<tradeReason>O</tradeReason>
							<productVtsz>15220091</productVtsz>
							<productName>IT2</productName>
							<productVtszGroupName>Degras; zsíros anyagok vagy állati vagy növényi viaszok feldolgozási maradékai</productVtszGroupName>
							<adrNumber>3862023</adrNumber>
							<weight>1202</weight>
							<value>800001</value>
							<valueModReasonText>asd</valueModReasonText>
							<weightModReasonText>qwe</weightModReasonText>
							<factoryItemNumber>qwe</factoryItemNumber>
							<importerItemNumber>789</importerItemNumber>
							<expirationDate>2015-12-13+01:00</expirationDate>
							<batchNumber>3862023</batchNumber>
							<vatRateAssuranceExemption>false</vatRateAssuranceExemption>
							<insDate>2020-12-11T09:05:23+01:00</insDate>
							<insUser>Teszt18896390</insUser>
							<modDate>2020-12-11T09:05:33+01:00</modDate>
							<modUser>Teszt18896390</modUser>
						</tradeCardItem>
					</items>
					<loadLocation>
						<name>IT TEST LOAD NAME</name>
						<VATNumber>DE23862035</VATNumber>
						<phone>+421909123456</phone>
						<email>IT@IT.SK</email>
						<country>SK</country>
						<zipCode>98765</zipCode>
						<city>IT TEST LOAD CITY</city>
						<street>IT LOAD STREET</street>
						<streetNumber>111</streetNumber>
						<lotNumber>123</lotNumber>
					</loadLocation>
					<unloadLocation>
						<name>IT TEST ULOAD NAMEQWE</name>
						<VATNumber>10036190</VATNumber>
						<phone>+3660123456789</phone>
						<email>IT@IT.HU</email>
						<country>HU</country>
						<zipCode>1111</zipCode>
						<city>BUDAPEST</city>
						<street>IT ULOAD STREETQWEQ</street>
						<streetNumber>222</streetNumber>
						<lotNumber>321</lotNumber>
					</unloadLocation>
					<isDestinationCompanyIdentical>true</isDestinationCompanyIdentical>
				</deliveryPlan>
			</deliveryPlans>
			<VATNumber>18896390</VATNumber>
			<status>F</status>
			<totalWeight>1404</totalWeight>
			<totalValue>2000002</totalValue>
			<totalAssuranceLocked>0</totalAssuranceLocked>
			<finalizationTime>2020-12-11+01:00</finalizationTime>
			<insDate>2020-12-11T09:05:21+01:00</insDate>
			<tcnValidityStart>2020-12-11+01:00</tcnValidityStart>
			<tcnValidityEnd>2020-12-11+01:00</tcnValidityEnd>
			<insUser>Teszt18896390</insUser>
			<modUser>Teszt18896390</modUser>
			<modDate>2020-12-11T09:05:33+01:00</modDate>
			<allowances>
				<allowance>
					<allowanceValue>5000</allowanceValue>
					<allowanceDueDate>2020-12-12+01:00</allowanceDueDate>
				</allowance>
			</allowances>
		</tradeCardInfo>
		<tradeCardInfo>
			<tcn>E201211000B9901</tcn>
			<orderNumber>1</orderNumber>
			<tradeType>I</tradeType>
			<isSellerDelivery>true</isSellerDelivery>
			<modByCarrierEnabled>false</modByCarrierEnabled>
			<isIntermodal>false</isIntermodal>
			<sellerName>IT seller name</sellerName>
			<sellerVatNumber>DE811115368</sellerVatNumber>
			<sellerCountry>DE</sellerCountry>
			<sellerAddress>IT seller address</sellerAddress>
			<destinationName>IT dest name</destinationName>
			<destinationVatNumber>18896390</destinationVatNumber>
			<destinationCountry>HU</destinationCountry>
			<destinationAddress>IT dest address</destinationAddress>
			<unloadReporter>S</unloadReporter>
			<vehicle>
				<plateNumber>NZ222CCC</plateNumber>
				<country>SK</country>
			</vehicle>
			<vehicle2>
				<plateNumber>NZ222AA</plateNumber>
				<country>D</country>
			</vehicle2>
			<tradeCardType>N</tradeCardType>
			<deliveryPlans>
				<deliveryPlan id="375S9HKP2C53">
					<items>
						<tradeCardItem id="375S9HNJ7E54">
							<itemExternalId>1</itemExternalId>
							<tradeReason>O</tradeReason>
							<productVtsz>29359030</productVtsz>
							<productName>IT1</productName>
							<productVtszGroupName>Szulfonamidok</productVtszGroupName>
							<adrNumber>06042011</adrNumber>
							<weight>200</weight>
							<value>1200000</value>
							<valueModReasonText>Új tétel rögzítése</valueModReasonText>
							<weightModReasonText>Új tétel rögzítése</weightModReasonText>
							<factoryItemNumber>qwe</factoryItemNumber>
							<importerItemNumber>789</importerItemNumber>
							<expirationDate>2015-12-13+01:00</expirationDate>
							<batchNumber>3862018</batchNumber>
							<vatRateAssuranceExemption>false</vatRateAssuranceExemption>
							<insDate>2020-12-11T09:16:11+01:00</insDate>
							<insUser>Teszt18896390</insUser>
							<modDate>2020-12-11T09:16:11+01:00</modDate>
						</tradeCardItem>
						<tradeCardItem id="375S9HP05155">
							<itemExternalId>2</itemExternalId>
							<tradeReason>O</tradeReason>
							<productVtsz>15220091</productVtsz>
							<productName>IT2</productName>
							<productVtszGroupName>Degras; zsíros anyagok vagy állati vagy növényi viaszok feldolgozási maradékai</productVtszGroupName>
							<adrNumber>3862023</adrNumber>
							<weight>1200</weight>
							<value>1200000</value>
							<valueModReasonText>Új tétel rögzítése</valueModReasonText>
							<weightModReasonText>Új tétel rögzítése</weightModReasonText>
							<factoryItemNumber>qwe</factoryItemNumber>
							<importerItemNumber>789</importerItemNumber>
							<expirationDate>2015-12-13+01:00</expirationDate>
							<batchNumber>3862023</batchNumber>
							<vatRateAssuranceExemption>false</vatRateAssuranceExemption>
							<insDate>2020-12-11T09:16:11+01:00</insDate>
							<insUser>Teszt18896390</insUser>
							<modDate>2020-12-11T09:16:11+01:00</modDate>
						</tradeCardItem>
					</items>
					<loadLocation>
						<name>IT TEST LOAD NAME</name>
						<VATNumber>DE23862035</VATNumber>
						<phone>+421909123456</phone>
						<email>IT@IT.SK</email>
						<country>SK</country>
						<zipCode>98765</zipCode>
						<city>IT TEST LOAD CITY</city>
						<street>IT LOAD STREET</street>
						<streetNumber>111</streetNumber>
						<lotNumber>123</lotNumber>
					</loadLocation>
					<unloadLocation>
						<name>IT TEST ULOAD NAMEQWE</name>
						<VATNumber>10036190</VATNumber>
						<phone>+3660123456789</phone>
						<email>IT@IT.HU</email>
						<country>HU</country>
						<zipCode>1111</zipCode>
						<city>BUDAPEST</city>
						<street>IT ULOAD STREETQWEQ</street>
						<streetNumber>222</streetNumber>
						<lotNumber>321</lotNumber>
					</unloadLocation>
				</deliveryPlan>
			</deliveryPlans>
			<VATNumber>18896390</VATNumber>
			<status>S</status>
			<totalWeight>1400</totalWeight>
			<totalValue>2400000</totalValue>
			<totalAssuranceLocked>0</totalAssuranceLocked>
			<insDate>2020-12-11T09:16:11+01:00</insDate>
			<tcnValidityStart>2020-12-11+01:00</tcnValidityStart>
			<tcnValidityEnd>2020-12-26+01:00</tcnValidityEnd>
			<insUser>Teszt18896390</insUser>
			<modUser>Teszt18896390</modUser>
			<modDate>2020-12-11T09:16:11+01:00</modDate>
		</tradeCardInfo>
	</tradeCards>
</queryTradeCardsResponse>