<tns:queryTradeCardsRequest xmlns:tns="http://schemas.nav.gov.hu/EKAER/1.0/ekaermanagement" xmlns:xsi="http://www.w3.org/2001/XMLSchema-instance" xmlns="http://schemas.nav.gov.hu/EKAER/1.0/ekaermanagement">
  <header>
     <requestId>RRRID_0060867497</requestId>
      <timestamp>2020-12-11T09:05:22+01:00</timestamp>
      <requestVersion>2.1</requestVersion>
      <headerVersion>1.0</headerVersion>
   </header>
   <user>
      <user>Teszt18896390</user>
      <passwordHash>9CF7AEABF445DA8045CEF26F78E4F23C2F4B9BD85B8D13003BAC72DB56075F8FD95787CF7A56315DA998B2CF4D44D68B33EBB0C2D55B4B79AEC23A4A54BAE936</passwordHash>
      <VATNumber>18896390</VATNumber>
      <requestSignature>34f905f7314ca5373f06495d7e304dc22655c7377223579b5340ba02df012ece5e05a695bdad9ecb3be049a256a38f75eb723a5ed4a0e493e00d9a9fd528cc89</requestSignature>
   </user>
    <tcn>E201211000B98B5</tcn>
</tns:queryTradeCardsRequest>